post_url,writer_id,main_text,tag
https://www.instagram.com/p/CZzLQHrlAHg/,seoul_muk_,"깔끔한 일식 돈까스 맛집은 이곳이다.

용산역 아이파크몰에 위치한 카츠8에 다녀왔습니당💛
첫인상은 고급 깔끔 정갈 그 자체였구요!
맛은 최근 먹어본 카츠중에 제일 맛났어용😆
모둠이 있어서 치즈, 안심 등의 돈까스를 다 맛볼 수 있었어요!
참.연.아 bowl->참치.연어.아보카도 덮밥은 신선해서 좋았어용☺️
용산역주변에 갈 일이 있다면 방문 추천이용😊
역광장 바로 위에 있어서 위치도 찾기 쉬워요!

❤️ 매장 : #카츠8 #카츠8용산 @_katsu8
🧡 위치 : 서울 용산구 한강대로23길 55 용산역 아이파크몰 4층
💛 영업시간 : 10:30-22:00
💚 전화 : 02-2012-0488
💙 예약/웨이팅 여부 : 🙆🏻‍♀️
💜 대표메뉴 : 카츠8모둠 (18,000), 참연아덮밥 (19,000)

#용산아이파크몰맛집 #용산cgv아이파크몰 #원효로맛집 #용산레스토랑 #용산돈까스맛집 #효창공원역맛집 #용산데이트하기좋은곳 #우동맛집추천 #후토마키맛집 #서빙고맛집 #용산일식집 #용산맛집카츠8 #협찬 #서울돈까스맛집","['카츠8', '카츠8용산', '용산아이파크몰맛집', '용산cgv아이파크몰', '원효로맛집', '용산레스토랑', '용산돈까스맛집', '효창공원역맛집', '용산데이트하기좋은곳', '우동맛집추천', '후토마키맛집', '서빙고맛집', '용산일식집', '용산맛집카츠8', '협찬', '서울돈까스맛집', '먹스타맞팔', '선팔맞팔', '먹팔', '좋아요', '좋아요반사', '먹스타맞팔', '먹팔맞팔', '먹팔해요', '먹팔환영', '먹팔하면맞팔', '먹팔맞팔환영', '먹스타그램', '맛집협찬', '협찬환영', '협찬문의']"
https://www.instagram.com/p/CV0CGazh4My/,jeejeats,"#협찬) 치즈 무슨 일이야? 후토마끼까지 완벽❤️

강남역에서 나오지도 않고 도착! 접근성 VERY GOOD👍🏻
깔끔한 외관에 넓은 내부, 근데 사람 왤케 많아 역시 핫플!
회사 근처라 점심시간에는 회사원들의 한끼로 더 핫할거 같다!

카츠가 시그니처라 무조건! 다양한 카츠를 한번에 모둠 추천!
옆테이블 후토마끼가 탐나서 후토마끼랑 시원한 소바까지 주문

오랜만에 정말 맛있는 카츠 만났다! 치즈카츠 도라방스!!!
치즈 쭈욱 늘어나는거 보소!!! 겉바속촉에 육즙 팡팡💛

차돌소바 위에 차돌 한가득 이렇게 푸짐하게 주시면...!😍
후토마끼는 진짜 주먹만 하다... 한입에 절대 불가능👊🏻
알록달록 속도 알차게 들어가 있고 소스 찍어 먹으면 꿀맛!

5시 전은 2시간, 5시 이후는 3시간 무료 주차까지 가능👏🏻
너무 깔끔하고 맛있어서 담에 또 들리고 싶은곳이다!
만족스러운 퇴근 후 저녁! 담에는 용산점도 가봐야지😋

📍서울 서초대로74길 11 삼성전자 서초사옥 B1 #카츠8
🚈강남역 8번 출구 @_katsu8
⏰매일 11:00-22:00 B.T 16:00-17:00 L.O 21:00
💸카츠8모둠 ₩18,000 카츠8후토마끼 ₩28,000
차돌냉소바 ₩15,000
🔍#jeej_강남 #jeej_협찬

#강남데이트맛집 #강남역맛집존맛 #서울돈까스맛집 #카츠맛집 #강남식당추천 #서초동밥집 #서초동맛집추천 #강남구맛집 #신논현맛집추천 #강남돈까스 #역삼점심추천 #강남역맛집카츠8 #강남역맛집 #강남맛집 #좋반 #먹스타그램 #먹스타맞팔 #맛집 #먹팔","['협찬', '카츠8', 'jeej', 'jeej', '강남데이트맛집', '강남역맛집존맛', '서울돈까스맛집', '카츠맛집', '강남식당추천', '서초동밥집', '서초동맛집추천', '강남구맛집', '신논현맛집추천', '강남돈까스', '역삼점심추천', '강남역맛집카츠8', '강남역맛집', '강남맛집', '좋반', '먹스타그램', '먹스타맞팔', '맛집', '먹팔']"
https://www.instagram.com/p/CUiBS31BS4W/,bb._.meal_,"🍒#카츠8#협찬 ✨

일식 3대쟝 요기요기 모여랏🍱
돈카츠도 있구 카이센동도 있구 우동도 있어서 일식덕후들은 카츠8✨로 모이세욥🎋

#얼큰명란우동 (14,000원)
해장이 필요하신 분👋강력추천드립니다‼️
매일 직접 뽑은 육수에 해물🦐🦀🐟을 갈아서 만든 수제양념장으로 바다를 한그릇에 담았어요🍲조미료가 아닌 깔끔함 그 자체의 국물이 진짜 끝내줍니다💖✨보들보들하고 고소한 곤이랑 알을 간장에 살짝 찍어서 향긋한 미나리랑 같이 먹고 국물 딱 떠먹으묜 속 깊숙히까지 뜨뜻🔥해지는 기분이에요✔️

#카츠8모둠 (18,000원)
겉바속촉의 정석이 바로 이거지🤩✨
등심카츠, 안심카츠, 치즈카츠, 블랙타이거 새우카츠까지 카츠8의 모든 튀김메뉴를 한번에 먹을 수 있는 메뉴에용💘쭉쭉 늘어나는 모짜렐라치즈 듬뿍〰️치즈카츠🧀부터 속이 꽉꽉 차서 안은 느뮤느뮤 부드럽고 겉은 바사삭💥한 등심과 안심카츠, 대왕새우튀김까지 뭘 먹을 지 고민된다면 모둠이 짱이에요옹🧡

#연어카이센동 (20,000원)
일식집에 오면 빠질수없는 연어자나요🍣 제가 젤루 좋아하는 이꾸라(연어알)까지🧡톡톡터지는 이꾸라와 연어랑 부들부들 타마고도 올라가있어요✨ 감태도 처음 먹어봤는데 연어와 함께 먹으니 초초깔끔하구 색다른 맛이였어요🌿 밥도 고슬고슬하구 찰기있어서 마지막 한톨까지 싹싹 긁어먹은 연어카이센동이였어요🍚❣️

✔️강남역에서 도보로 5분거리
✔️평일&주말 무료주차 가능

강남역에서 접근성도 좋고 주차까지 가능한 고급진 일식당에서 배빵빵하게 먹고 왔숩니다😋💖","['카츠8', '협찬', '얼큰명란우동', '카츠8모둠', '연어카이센동', '카츠8', '강남역핫플레이스', '강남역맛집', '강남맛집인정', '강남오마카세', '일식맛집추천', '신논현데이트', '역삼밥집', '서초점심', '서초맛집추천', '강남역맛집카츠8']"
https://www.instagram.com/p/CXZ5lkQBEo3/,matfia_kr,"맛피아의 지극히 주관적인 생각

  삼성동 파르나스몰에 상륙한 프리미엄 카츠 브랜드 '카츠8'

🕵‍♂️ 카츠八모둠 (18,000)
  새우, 치즈, 안심, 등심을 무려 4가지의 카츠를 한 번에 맛볼 수 있는 메뉴이며, 이취나 잡내 전혀 없이 담백하고 겉바속촉이다.

🕵‍♂️ 통생선카츠 (20,000)
비주얼부터 압도적이다. 이런 생선까스는 본 적이 없다. 홍메기라는 흰살생선이며, 지방함량이 낮아 맛이 아주 담백하다. 그리고 이 집만의 수제 타르타르도 묘한 매력이 있다.

🕵‍♂️ 후토마끼 (half, 18,000)
  새우튀김, 연어, 참치 그리고 아보카도 정도로 구성되어 있는 큼직한 후토마키이다.

  삼성동 파르나스몰에 위치하여 데이트 코스로도 좋을 거 같다.

  다른 테이블에서 은근히 보이던 얼큰명란우동이 궁금하다. 다음 방문시는 이 메뉴 시켜봐야겠다. 그리고 썸 탈 땐 반상 메뉴도 좋을 듯","['맛피아', '맛피아', '파르나스몰맛집', '포스코사거리맛집', '코엑스몰맛집', '코엑스맛집', '삼성역데이트', '테헤란로맛집', '삼성동맛집추천', '삼성동돈까스', '차병원맛집', '도곡역맛집', '코엑스파르나스몰', '삼성동데이트코스', '코엑스맛집카츠8', '맛집', '맛스타그램', '먹스타그램', '푸드스타그램', '카츠8', '카츠8파르나스몰점', '협찬']"
https://www.instagram.com/p/CXftKmpFfU7/,beomspoon,"#협찬 이지만 #솔직후기
오늘의 범스푼
#카츠8 #범스푼_강남
-
🥄카츠8
🥄카츠8 모둠(18,000원)
🥄카츠8 후토마끼(28,000원)
-
한줄평 ✍ 강남역 1티어 맛집 정리합니다
경기도민의 국룰 약속 장소 강남역🤙
이제 더이상 뭐 먹을지 고민하지 마세요🙏
맛과 분위기 다좋은데 강남역에서 2분거리라니요😍
강남역 맛집 카츠8, 맛과 분위기는 어땠는지 함께 리뷰해보아요🥄
-
등심, 안심, 새우, 치즈카츠 다 먹어야하는 돼지들 손 들어보세요🙋‍♂️
저같은 돼지를 위해 다양한 카츠를 한꺼번에 맛볼 수 있는 모둠카츠가 있더라구요🐷
튀김 자체를 잘 하는 곳이라 다 맛있었지만 제 픽은 역시 안심카츠❤️
모둠카츠라서 양도 푸짐한데 가격도 18,000원으로 가성비 갑 메뉴에요💵
-
요즘 인스타에서 가장 핫한 음식인 후토마끼,,🔥
카츠8의 식재료 8가지가 푸짐하게 들어간 팔뚝만한 후토마끼를 어떻게 참아요😢
후토마끼의 맛은 재료의 신선함이 좌우하는데 그런 의미에서 인생 후토마끼를 만났습니다😎
크기가 너무 커서 먹다가 턱 빠져서 아직도 음식을 못 씹고 있어요💂‍♂️
-
최근 강남역에서 먹은 음식 중에 가장 만족스러웠어요👍
메뉴도 무난하고 가게 분위기도 좋아서 소개팅 장소로도 괜찮을 것 같아요✨
특히 요즘같이 추운날 강남역에 연결된 가게는 찐장점아닐까요..❓
맛과 분위기 모두 만족스러운 이 곳! 얼른 달려가세요🏃‍♂️
-
🐷네이버 범스푼 블로그에도 놀러오세요🐷","['협찬', '솔직후기', '카츠8', '범스푼', '카츠8', '강남역맛집', '카츠8강남점', '강남카츠8', '강남맛집', '강남역데이트', '강남역핫플', '신논현역맛집', '신논현맛집', '강남돈까스', '강남역돈까스', '뱅뱅사거리맛집', '강남역혼밥', '강남혼밥', '먹팔']"
https://www.instagram.com/p/CMKLWqHF3ur/,seanpfoodie,"카츠8
(서울 서초구 서초대로 74길 11)
.
*맛: ★★★★★
(우와 돈까스 신흥 맛집이다. 겉바속촉이 제대로..바삭바삭한 튀김, 고기와 치즈 퀄리티 모두 훌륭하다. 첫 방문이라면 카츠8모둠을 먹어 보시길!)
.
*서비스/분위기: ★★★★★
(이 고급진 분위기와 인테리어, 음식 데코까지 좋다)
.
*가격 가성비:★★★★☆
(1만원 중후반대의 살짝 부담스러울 수 있는 가격대..맛있으니깐 봐준다..)
.
*종합 점수: ★★★★★
(살짝 아쉬운 가격가성비 빼고 맛,재료 퀄리티, 분위기 모두 나무랄데 없는 강남 신흥 돈까스 맛집!)","['션푸디', '션푸디', '카츠8', '강남맛집', '강남역맛집', '돈까스맛집', '먹스타그램', '맛스타그램', '맛집스타그램', '맛집추천', '맛집탐방', '맛집소통', '소통', '맞팔', '선팔맞팔', '사진맞팔', '맛집그램', '핫플레이스', 'foodfollow', 'followforfollowback', '먹팔', '먹스타맞팔', '맛스타맞팔', '사진스타그램', '사진소통', '사진계정맞팔', '먹방스타그램', '푸드스타그램', 'foodstagram']"
https://www.instagram.com/p/CbccgL1lpzd/,biniii_yumyum,"[강남] #카츠8
다양한 명품 카츠를 한가지 메뉴로 맛볼 수 있는 곳🍱 카츠8💜

점심시간 많은 직장인들이 방문하는 돈카츠 맛집 카츠8에 방문했다.
고급스러운 분위기에 매장이 넓어 자리도 많고, 중앙 테이블은 1인으로도 이용 가능해서 점심에 간단하게 혼밥하기도 좋은 곳이다.
카츠메뉴 뿐만 아니라 카이센동, 누들, 후토마키 등의 메뉴도 준비되어있다.

카츠8모둠은 등심, 안심, 치즈 카츠에 새우카츠가 함께 나오는 메뉴이다. 여러가지 카츠를 맛보고 싶었는데, 적당한 양으로 모두 맛볼 수 있어서 좋다.
튀김옷은 눅눅함 전혀 없이 바삭하고, 치즈카츠는 치즈가 듬뿍 들어가 있어서 정말 맛있게 먹었다❣️
차돌우동은 미역국 베이스에 차돌이 듬뿍 들어간 우동인데, 미역국과의 조화도 좋고 차돌도 질기지 않고 부드럽다.

강남역에서 도보 5분 거리라 접근성도 좋고, 평일 주말 모두 무료주차가 가능해서 차로 이동하기도 편한 곳이다.

카츠와 함께 다양한 일식 메뉴를 즐길 수 있는 맛집, 카츠8💜

위치 : 서초구 서초대로74길 11 삼성전자 서초사옥 B1
가격 : 카츠8모둠(18,0) / 차돌우동(13,0) / 블랙타이거새우카츠(6,0)

#협찬 #서초맛집 #신논현역맛집 #신사역맛집 #강남역맛집추천 #서초맛집추천 #카츠8강남점
#강남점심맛집 #서초점심 #강남점심 #강남일식집 #강남돈까스 #서초돈까스 #강남일식집맛집 #삼성전자서초사옥
#강남역핫플 #논현역핫플 #강남역데이트추천 #서초데이트 #강남역데이트장소
#먹팔 #먹스타그램 #먹팔해요 #맛집탐방 #먹방투어 #맛집여행 #맛집후기","['카츠8', '협찬', '서초맛집', '신논현역맛집', '신사역맛집', '강남역맛집추천', '서초맛집추천', '카츠8강남점', '강남점심맛집', '서초점심', '강남점심', '강남일식집', '강남돈까스', '서초돈까스', '강남일식집맛집', '삼성전자서초사옥', '강남역핫플', '논현역핫플', '강남역데이트추천', '서초데이트', '강남역데이트장소', '먹팔', '먹스타그램', '먹팔해요', '맛집탐방', '먹방투어', '맛집여행', '맛집후기']"
https://www.instagram.com/p/CZ_eUYNF2UB/,matzip.wiki,"#협찬 #카츠8

강남역 카츠 맛집 #카츠8에 다녀왔어요
강남역 8번 출구 내부에 있어서
밖으로 가지 않아도 되서 너무 편하더라구요

회사 근처이기도 하고
점심시간에 워낙 핫한곳으로 알고있어서
주말로 피신해서 방문했어요

일단 넓은 실내가 너무 좋았어요
테이블도 넓고 간격도 넓고
코시국에도 뭔가 마음 놓이는?!
식기류를 포함해서 인테리어와
잔잔히 깔리는 음악까지
너무 고급스럽고 깔끔하더라구요👍🏻

카츠8모둠 구성은
등심, 안심, 치즈, 새우로 4종류이구요
등심부터 바로 먹어봤어요
잘못하면 퍽퍽하거나
부드럽게 하려다 너무 느끼해지는...
재방문 의사의 제 나름의 기준이었거든요😁

등심도 느끼하지않고 부드러워서 너무 맛나고
안심이랑 치즈는 말해모해 그냥 사랑이쥬😍
새우도 너무 신기했어요
블랙타이거 새우가 예전에 요식업에서 알바할 때
제 입에는 조금 단단하고 잘 안맞았던 기억이 있는데
너무 부드럽더라구요👍🏻

카츠8 후토마키는 내용물이 진짜 실했어요😮
비주얼에서 나오는 아우라와 함께
입에서 각각의 재료들이
나 여기있어!! 하면서도 조화로운 것이
같이 나오는 마요네즈와 와사비랑 궁합도 찰떡콩떡

조약돌소바는 플레이팅도 너무 귀엽더라구요
메밀육수도 짜지 않고 깔끔해서
부담없이 먹을 수 있었어요

위치나 인테리어 분위기들이
사기캐인 느낌도 있고 맛도 좋아서
데이트하기도 좋고 소개팅도 괜찮을 것 같은 곳
돈까스 사줄게 이리와 하며 꼬드겨
데리고 가기 좋은..?
재방문해서 다른 메뉴들도 먹어보고 싶어지는 곳
(+평일 주말 모두 무료주차가 된다더라구요
17시 이전은 2시간, 이후는 3시간 무료래요)

💵주문한 메뉴💵
카츠8 모둠 18,000원
조약돌 소바 11,000원
카츠8 후토마키 28,000원
블랙타이거새우 카츠 6,000원
콜라 2,000원
사이다 2,000원

📍주소 :
서울 서초구 서초대로74길 11 삼성전자 서초사옥 B1 카츠8

#먹스타그램 #맛스타그램
#강남역맛집베스트10 #카츠맛집 #역삼점심 #역삼밥집 #강남돈까스
#논현맛집추천 #강남식당 #서울돈까스 #강남데이트장소추천 #강남역돈까스
#일식레스토랑 #강남역맛집카츠8
#존맛 #존맛탱 #좋아요","['협찬', '카츠8', '카츠8에', '먹스타그램', '맛스타그램', '강남역맛집베스트10', '카츠맛집', '역삼점심', '역삼밥집', '강남돈까스', '논현맛집추천', '강남식당', '서울돈까스', '강남데이트장소추천', '강남역돈까스', '일식레스토랑', '강남역맛집카츠8', '존맛', '존맛탱', '좋아요']"
https://www.instagram.com/p/CUSL2odlvBN/,moo__d___,"#협찬 강남역 대박적 맛집 #카츠8 🍤🍱
프리미엄 명품 돈까츠 클래스 보고가세요 ✨

💎 카츠8 모듬 17,000₩
모듬에는 등심, 안심, 타이거 새우, 치즈카츠 나오는데 구성도 탄탄하고 넘 좋네요! 카츠8은 돈카츠를 튀기는데 8분이 제일 좋아서 붙여진 이름이래요 ㅎㅎ 그래서 그런지 카츠들이 겉바속촉에 기름지지도 않고 넘 맛난걸요😘 돈카츠 소스들도 기본 소스에 들깨갈이로 소스만들어서 먹을 수 있고 녹차 소금과 겨자도 주세요 ㅎㅎ #킹타이거새우 라서 그런지 새우가 쫠깃하고 치즈도 낭낭하고 맘에들었어요 ㅎㅎㅎ

💎 얼큰해물우동 14,000₩
매일 직접 뽑은육수에 해물을 갈아서 만든 수제양념장으로 깔끔한 맛이 일품이에요 ㅎㅎ 인위적인 조미료가 아닌 자연의 맛이여서 깔끔하고 깊은맛이에요😆 명태알이랑 곤이가 해물탕보다 많이 들어가있고 민물새우도 있어요 ㅎㅎ 진짜 일반 해물탕집 보다 국물이 맛있음 ㅋㅋㅋㅋㅋ 이걸로 해장각 🥰

💎 편리한 위치 및 주차
➰ 서울 서초구 서초대로74길 11 삼성전자 서초사옥 B1 카츠8
➰ 강남역에서 8번출구에 연결되어있고 역에서 도보로 5분 내에 위치하고 있어요! 지하랑 연결되어있으니 눈비 안맞고 바로 접근가능 ㅎㅎ
➰회사 근처라서 점심시간에는 많은 분들이 식사하는 곳인데 매장이 워낙 깔끔하고 잘해놔서 혼밥하기에도 좋겠어요 #강남역혼밥 #강남혼밪
➰ 평일, 주말 모두 무료주차 가능이에요 17시 이전 방문 시 2시간 무료 / 17시 이후 방문 시 3시간 무료에요. 강남역 주변에 이보다 주차편한데가 있을까요🤗

#카츠8 #강남데이트장소 #논현동맛집추천 #강남역밥집추천 #강남역밥집추천 #서초점심맛집 #강남역식당 #강남우동 #강남데이트명소 #논현맛집추천 #역삼점심메뉴 #강남역맛집카츠8","['협찬', '카츠8', '킹타이거새우', '강남역혼밥', '강남혼밪', '카츠8', '강남데이트장소', '논현동맛집추천', '강남역밥집추천', '강남역밥집추천', '서초점심맛집', '강남역식당', '강남우동', '강남데이트명소', '논현맛집추천', '역삼점심메뉴', '강남역맛집카츠8']"
https://www.instagram.com/p/CYvZR38lZE-/,_tweetysfooding_,"🍽쉰한번째 일기 #체험단 🍽

💛카츠8💛

카츠를 먹은지 좀 되어서 먹고싶었던 찰나에
체험단 기회를 주셔서 다녀오게 됐습니다!

카츠8이 강남역에 생긴 이후로
예전부터 가보고 싶어서 저장까지 해놨었는데
이렇게 좋은 제안해주셔서 감사드려요٩꒰๑ơ౪ơ꒱۶

삼성역 5번 출구에서 파르나스몰 들어와서
오른쪽으로 쭉 가면 바로 공차 아시죠?
공차 바로 앞에 있습니다 희희♥️

점심시간 지난 오후에 방문했는데도
역시 카츠맛집이라 그런지
사람들이 생각보다 많더라구요ʕ•ૅૄ•ʔ

#카츠모둠
치즈, 등심과 특안심
그리고 블랙타이거새우 카츠까지
다양한 카츠들을 한 접시 담은 모둠카츠입니다!

여러분 치즈카츠 치즈 보이시나요?ღ ʕ̡̢̡•̫͡•ʔ̢̡̢ ღ
고소하고 짭짤한 치즈가 쭈-욱 늘어났고
모짜렐라 치즈가 통으로 들어가서
입 안 가득 치즈로 가득 찼습니다😋😋

카츠 튀김 옷이 얼마나 얇고 바삭바삭한지
먹을때 마다 바삭바삭 소리가 났고

등심과 안심 둘 다
퍽퍽하지 않고 부드러우면서 두툼했고
육즙 가득 촉촉하니 너무 맛있었습니다♥️

#김치카츠나베
칼칼한 김치와 카츠
그리고 부추도 한 가득 올려주는 전골입니다!

흰 밥 위에 김치와 나베의 카츠, 부추까지
올려서 싹 한 입 먹어주면
다 먹었다고 할 수 있잖아요 희희💛

카츠만 먹다보면 조금 느끼할 수 있는데
전골 자체가 얼큰해서 느끼함을 싹 내려줬고

나베 속 카츠는 국물에 촉촉히 적셔줘서
그냥 먹어도 너무 맛있었어요ʕ•̫͡•ʔ

#블랙타이거새우카츠
오동통한 블랙타이거 새우 한마리가
머리부터 꼬리까지 통으로
튀겨지는 새우카츠입니다🍤🍤

튀김옷은 말해뭐해 엄청 바삭하고
새우가 엄청 통통했어요 희희💛

모둠카츠 안에도 포함되어있는 카츠인데
맛있을 것 같아서 하나 더 추가한건데
너무 너무 성공적이었습니다٩꒰ ꇐω ꇐ๑꒱۶

사실 이번 방문할때 후토마키도 먹어보고 싶었는데
오전에 이미 재료가 소진되었다고 하시더라구요!

후토마키..얼마나 맛있길래 크흡🥲
다음에 방문하게 되면 꼭 먹어볼거에요꒰๑˃͈꒵˂͈๑꒱୭̥*ﾞ̥

🐥오늘도 맛있게 먹었습니다🐥

📍위치 : 서울 강남구 테헤란로 521 파르나스몰 B1

✔️카츠모둠 : 18,000원
✔️김치카츠나베 : 13,000원
✔️블랙타이거새우카츠 : 6,000원 (1ea)
✔️새우카츠 : 4,000원 (1ea)

🍴매일 10:30 - 22:00
🍴라스트오더 21:00
🍴코로나 운영시간 변동 확인 필요

#foodie #foodstagram #카츠8 #코엑스맛집
#파르나스몰맛집 #봉은사역맛집 #코엑스몰맛집 #삼성동레스토랑
#코엑스데이트코스 #삼성동일식 #코엑스돈까스 #코엑스스타필드맛집 #코엑스식당 #삼성역점심맛집 #코엑스맛집카츠8
#카츠모둠 #김치카츠나베 #블랙타이거새우카츠
#먹스타그램 #먹스타맞팔","['체험단', '카츠모둠', '김치카츠나베', '블랙타이거새우카츠', 'foodie', 'foodstagram', '카츠8', '코엑스맛집', '파르나스몰맛집', '봉은사역맛집', '코엑스몰맛집', '삼성동레스토랑', '코엑스데이트코스', '삼성동일식', '코엑스돈까스', '코엑스스타필드맛집', '코엑스식당', '삼성역점심맛집', '코엑스맛집카츠8', '카츠모둠', '김치카츠나베', '블랙타이거새우카츠', '먹스타그램', '먹스타맞팔']"
https://www.instagram.com/p/CYETOZmF5Ts/,eat_with_zu,"#협찬 🍽 용산_카츠8 #잇윗쥬_용산

용산역 광장에 위치한 돈카츠 맛집🐷
역사 내에 있어서 그런지 평일 점심에도 바글바글했다!
영화관, 쇼핑몰 근처라 데이트하기에도 딱이고
자리도 넓어서 가족 외식이나 혼밥 장소로도 추천👍🏻
돈카츠말고도 메뉴가 다양해서 취향껏 선택하면 된다ㅎㅎ

#카츠8모둠 (₩18,000)
안심, 등심, 새우, 치즈카츠 구성으로 된 모둠카츠-!
푸짐하게 종류별로 다 먹어볼 수 있어서 좋았다🤎
내가 안심을 제일 좋아해서 그런지는 모르겠지만 내
입맛에는 안심이 퍽퍽하지도 않고 맛있었당~

새우도 엄청 실하고 통통하면서 바삭바삭했고
등심은 기름진 고소함보다는 오히려 담백한 맛이 인상적이었다😍
치즈도 고기랑 분리되는 것 없이 잘 어우러지는 맛💛
참깨 갈아서 소스에 찍먹하면 한 끼 클리어~!
양도 많아서 다 먹으니까 배 터질 뻔 했다,,,,

#카츠8 #신용산맛집 #원효로맛집 #아이파크몰맛집 #카츠맛집 #용산구청맛집 #용산역데이트 #점심맛집추천 #갈월동맛집 #용산데이트장소 #용산역점심 #서울용산맛집 #돈카츠맛집추천 #용산맛집카츠8 #먹스타그램 #먹스타맞팔 #먹팔","['협찬', '잇윗쥬', '카츠8모둠', '카츠8', '신용산맛집', '원효로맛집', '아이파크몰맛집', '카츠맛집', '용산구청맛집', '용산역데이트', '점심맛집추천', '갈월동맛집', '용산데이트장소', '용산역점심', '서울용산맛집', '돈카츠맛집추천', '용산맛집카츠8', '먹스타그램', '먹스타맞팔', '먹팔', '선팔맞팔', '맞팔은댓', '협찬문의', '협찬디엠', '맞팔해요', '맞팔소통', '선팔환영', '좋테반사', '좋아요테러', '좋아요그램']"
https://www.instagram.com/p/CZtd58mFThP/,muksta_mxxmx,"강남역 고오급 돈-가스 📍#카츠8 #협찬

주변에 회사가 많이 있어서 점심시간에 먹기 딱 좋은 카츠8
메뉴도 하나하나 다 맛있어 보여서 많은 고민끝에
등심카츠, 치즈카츠, 차돌우동 먹었는데 치즈카츠가
진짜 존맛이다,, (＾＾)ｂ 차돌우동 맛있다는 리뷰가
많길래 기대하고 먹었는데 차돌 고기가 ,,,, (＾＾)ｂ
국물도 시원하고 + 따땃해서 호로록 먹어버렸다 !

가게 분위기도 깔끔하고 넓어서 편하게 먹고왔다
직원분들도 친절하고 다음에 또 가고싶은곳 !!

💰등심카츠 14,000
💰치즈카츠 13,000
💰차돌우동 13,000

🚊강남역 8번 출구에서102m
서울 서초구 서초동 1320-10 삼성전자 서초사옥 B1

#강남맛집","['카츠8', '협찬', '강남맛집', '카츠8', '강남맛집베스트', '강남역데이트맛집', '강남돈까스', '강남역일식', '강남우동', '서초동맛집추천', '일식레스토랑', '강남일식추천', '서초점심', '강남맛집스타그램', '논현역맛집추천', '강남역맛집카츠8', '먹스타그램', '먹스타', '먹팔', '먹팔해요']"
https://www.instagram.com/p/CbwnysZvDTW/,heimish_rr,"먹어보고싶었던
#카츠8 #코엑스맛집 #로스카츠 #삼성동점심
점심에 웨이팅도 있지만 가볼만한 곳!
또 군침이 도넹","['카츠8', '코엑스맛집', '로스카츠', '삼성동점심']"
https://www.instagram.com/p/Cbt0Ug8rpN7/,mukksomm,"ᰔ협찬ᰔ

강남역에서 느끼는 제대로된 #돈카츠
강남역 8번출구 내부에 위치해 있어서 밖으로 나가지 않아도 돼요
회사근처에 위치해 있어 점심에는 인기 폭발이라
이른 저녁시간에 방문했어요✨

저희는 모듬 카츠와 후토마끼를 주문했답니다
후토마끼는 한입에 넣기 힘들정도로 큰데다가
재료도 푸짐하게 들어가 맛있었어요💙
후토마끼에는 일본식 깻잎인 시소가 들어가있어서
향에 예민한 분들은 참고해주세용😊

카츠8은 메뉴가 다양해서 어떤 카츠를 먹어야 하나 고민했는데
다행히도 모듬 메뉴가 있더라구요😍

치즈가 쭈욱 늘어나는 치즈카츠, 속이 통통한 새우카츠
겉바속촉 제대로인 등심까지😊 종합 선물세트였어요

내부 인테리어도 깔끔하고 넓어서 데이트장소로도 좋겠더라구요🥰
카츠 메뉴 외에 우동, 덮밥 메뉴도 있던데
다음에는 다른 메뉴도 함께 먹어봐야겠어요💙

✔️평일,주말 2시간 무료주차 가능

#강남역맛집 #카츠8 #카츠8강남점 #강남데이트 #강남역데이트 #후토마끼맛집 #후토마키","['돈카츠', '강남역맛집', '카츠8', '카츠8강남점', '강남데이트', '강남역데이트', '후토마끼맛집', '후토마키', '강남역맛집베스트10', '역삼점심', '강남역일식', '신논현역맛집추천', '강남역혼밥', '강남데이트코스추천', '강남맛집투어', '강남돈까스', '논현맛집추천', '강남일식집맛집', '논현역맛집추천', '서초동맛집추천', '강남역맛집카츠8', '먹팔맞팔', '좋반', '점심메뉴', '먹소통']"
https://www.instagram.com/p/Cbmt7GEvTAs/,bosuk_87,#카츠8 #연어참치카이센동 #카츠반상,"['카츠8', '연어참치카이센동', '카츠반상']"
https://www.instagram.com/p/Cbi50yJv-0O/,,"용산역 아니파크몰 카츠!
카츠8모둠 & 통생선카츠!

영업시간 10:30 ~ 22:00
카츠8모둠 18,000원
통생선카츠 20,000원

#카츠8용산아이파크몰점 #카츠8 #카츠8모둠 #통생선카츠 #카츠맛집추천 #먹팔 #먿팔해요 #먹팔맞팔 #먹팔환영 #먹팔소통 #먹팔로우 #먹팔하면맞팔 #맞팔 #맞팔환영 #맞팔해요 #맞팔선팔환영 #맞팔해용 #뭉파300 #뭉파300스타그램 #뭉파_서울 #맛집여행이정표 #용산역맛집","['카츠8용산아이파크몰점', '카츠8', '카츠8모둠', '통생선카츠', '카츠맛집추천', '먹팔', '먿팔해요', '먹팔맞팔', '먹팔환영', '먹팔소통', '먹팔로우', '먹팔하면맞팔', '맞팔', '맞팔환영', '맞팔해요', '맞팔선팔환영', '맞팔해용', '뭉파300', '뭉파300스타그램', '뭉파', '맛집여행이정표', '용산역맛집']"
https://www.instagram.com/p/CbhU6bur3Yd/,choi_fcs,"삼성역 카츠8
연어 카이센동
맛★★★★★
양★★★
가격★★★
노르웨이.",[]
https://www.instagram.com/p/CbhJSs_Lay2/,muk_bolsari,"#협찬
🍱카츠8
🍽메뉴: 카츠8 모듬(18000원) 연어 카이센동(20000원)

🟡리뷰: 강남역 8번 출구 내부에 있는 카츠8을 다녀왔습니당~~!
회사 근처라서 점심시간에는 많은 분들이 식사하는 곳입니다👩🏻👦🏻👩🏻👦🏻
카츠8은 명품 돈카츠 외에도 다양한 메뉴들이 구성되어 있고 볼살이는 모듬카츠와 연어 카이센동을 주문했어요🍱🍣
카츠8 모듬카츠는 등심+안심+치즈+새우로 구성되어 있는데요! 볼살이는 돈카츠 먹을 때 항상 다양하게 먹고 싶어서 꼭 모듬을 시켜요😆 기본적으로 튀김옷이 바삭바삭하고 고기도 큼직큼직했구요! 👏
제일 기억에 남는건 치즈카츠와 새우튀김이였어요💕 치즈가 쫘악 늘어나는거 보이세요?😍 같이 나온 청귤을 뿌리니까 2배로 맛있었어요❤️
더 대박은 새우튀김이에요❗️블랙타이거 새우를 사용해서 기존에 새우튀김과 맛이 확연히 달랐어요🍤🍤 새우의 고소함이 5배는 깊게 느껴졌고 새우살이 꽉 들어있었어요💗
연어 카이센동은 비주얼에서 이미 게임끝❗️감태에 연어+연어알+와사비+간장까지 싸서 한입에 앙~! 넣어서 먹으면 바다를 한입에 품은 것 같았어요☺️
매장 인테리어도 고급지고 음악도 클래식 음악을 틀어주셔서 레스토랑을 온 것 같아 너무 만족스러웠던 식사였습니다!!❤️

📍주소: 서울 서초구 서초대로74길 11 삼성전자 서초사옥 B1
#카츠8 #강남역맛집발견 #신논현점심 #논현맛집추천 #강남데이트코스추천 #신논현데이트 #서초맛집추천 #강남돈까스 #강남카이센동 #강남일식집맛집 #강남혼밥하기좋은곳 #우동맛집🍜 #강남역맛집카츠8 #돈카츠맛집 #돈까스추천 #돈카츠추천 #카츠 #카츠맛집 #카츠맛집추천 #강남역돈까스 #푸드스타그램 #먹방 #맛스타 #맛스타그램 #먹스타 #먹스타그램 #먹스타맞팔 #먹스타환영 #먹팔","['협찬', '카츠8', '강남역맛집발견', '신논현점심', '논현맛집추천', '강남데이트코스추천', '신논현데이트', '서초맛집추천', '강남돈까스', '강남카이센동', '강남일식집맛집', '강남혼밥하기좋은곳', '우동맛집', '강남역맛집카츠8', '돈카츠맛집', '돈까스추천', '돈카츠추천', '카츠', '카츠맛집', '카츠맛집추천', '강남역돈까스', '푸드스타그램', '먹방', '맛스타', '맛스타그램', '먹스타', '먹스타그램', '먹스타맞팔', '먹스타환영', '먹팔']"
https://www.instagram.com/p/CbcAD7bvzqY/,foodtrip_dailydiary,"#강남맛집 #강남역맛집 #카츠8

강남역에서 점심 #맛집 으로도 유명한 곳
두툼한 #카츠 와 #소바 의 조합은 잃지모태..🐷","['강남맛집', '강남역맛집', '카츠8', '맛집', '카츠', '소바']"
https://www.instagram.com/p/CbYlnrdBpQI/,x___x.u___u,혼자 먹어두 마싯오 😚,[]
https://www.instagram.com/p/CbUwhaylVIC/,_kkangchong_,"🕊
🐣 카츠8
📍강남역

우리 현지 최애 음식(#돈까스)를 찾아 달에 한 번은 돈까스 먹는데
매번 #정돈 가다가 더이상 웨이팅 하기 싫어서 찾아낸 맛집!!!
모둠카츠랑 생선카츠 먹었는데 생선카츠가...짱 크다...
안심등심치즈 다맛있어서 이제 돈까스는 여기로 정착할듯 너무맛있었다
+) 그리고 군데군데 새가있어!

#윤새추천_새모이맛집
#지난_밥은_언제나_낭만이_된대

세상에 없던 일렉트로 팝음악을 만들고 있는 윤새의 노래를 들어보세요❤️","['돈까스', '정돈', '윤새추천', '지난', '강남맛집', '강남역맛집', '강남역맛집추천', '카츠8', '먹스타그램', '맛스타그램', 'food', '존맛', '강남역핫플', '강남역데이트', '윤새']"
https://www.instagram.com/p/CbUMKPxr9bq/,k.myung_c,왕큰 생선까스와 깨범벅🤣,[]
https://www.instagram.com/p/CbSyX2mvm6L/,hyoyolo,"우니 추가해서 묵었는데…실패…..
너무 쌉쓰리하이…..ㅋㅎ
성게알은 5월 이후로 먹는걸로다가,,,🙃
오도로가 지려서 봐준디.
#카츠8
#카츠8파르나스몰점 #삼성역맛집 #코엑스맛집 #강남맛집","['카츠8', '카츠8파르나스몰점', '삼성역맛집', '코엑스맛집', '강남맛집']"
https://www.instagram.com/p/CbHeUL0LiES/,eateat_withme,"#협찬

오랜만에 진짜 맛있는 돈까스 먹고왔어요!
강남역 8번출구 내부로 도보5분도 걸리지않는곳에 위치한 강남의 명품 돈카츠가게에요😚 점심시간에 방문했더니 회사근처라 그런지 식사하시는 분들이 정말 많더라구요
평일주말 5시이전 2시간, 5시이후 3시간 무료주차 가능해서 천천히 밥먹기도 굳

무엇보다 제일 중요한건 맛있다는점..!
치즈카츠, 등심카츠, 참치연어아보카도볼 주문했는데 맛있게 배든든히 채워서 정말 기분좋은 한끼였어요👍🏻 인테리어도 이뻐서 사진찍기도 좋고ㅎㅎ 강남에서 돈까스 땡길땐 여기 꼭 추천합니당
.
카츠8 강남점
💫 서울 서초구 서초대로74길 11 삼성전자 서초사옥 B1","['협찬', '서울맛집', '카츠8', '강남역맛집', '강남데이트장소추천', '신논현맛집추천', '서초맛집추천', '강남돈까스', '우동맛집', '서울돈까스', '강남일식집맛집', '역삼점심추천', '일식레스토랑', '일식맛집추천', '강남역맛집카츠8', '먹팔', '맞팔', '먹스타그램', '먹스타', '먹스타소통', '먹스타맞팔', '맛집추천', '맛집스타그램']"
https://www.instagram.com/p/CbFgtNMlPzK/,kingfoodofkorea,"✨정통 일본식 카츠 맛집 '카츠8' ✨
#AD

카츠8은 용산역에서 에스컬레이터 타고 바로 한 층 올라가면 딱 위치하고 있습니다♥️ 외관부터 예뻐서 홀리듯이 들어갔습니다 😆💛 이름 궁금해서 보니 🌟카츠가 가장 맛있는 시간이 8분🌟이라는 고유한 철학으로 정통 일본식 카츠를 선보이는 집이라고 합니다💖💖

이런 예쁨+철학있는 집이 심지어 용산아이파크몰에 위치해 있어서 영화보거나 쇼핑하고 식사하면❗️밖에 안 나가도 되는 데이트 코스가 완성된답니다,,?!😳🤍🤍

요기요기 장점이 가-득한데용🔅🔆
일단, 메뉴가 다양합니다✅
1. 카츠 - 치즈, 특안심, 통생선, 등심카츠 등이 있으며,🍱🍤
2. 사시미&보울 -연어 카이센동, 참치,카이센동 🍣
3. 밥 - 카츠동,새우카츠동,연어아보카도,참치아보카도🍚
4. 누들 - 차돌우동, 얼큰명란우동,조약돌소바,차돌냉소바 🍜
5. 스페셜 - 카츠팔 후토마끼, 김치카츠나베 🥢🥢

피기의 픽은🐷 치즈, 안심, 등심 모든 카츠 종류를 먹어볼 수 있는 모듬 카츠와 차돌우동, 그리고 새우카츠동입니다🤤🤤

1️⃣모둠카츠
역시 모둠을 시키면 후회하지 않아요♥️모든 맛을 즐길 수 있는데 하나같이 파삭하면서도 스스륵 녹는게😳💖 다 맛있지만 피기의 작은 팁이라면,,치즈 녹아있을 때 치즈🧀먼저 먹어쥬세요 주르륵 늘어나게요😍

2️⃣차돌우동
여기 국물이 맑으면서 깊어서 최고에요! 중간중간에 깔끄미하게 싹 느끼함을 잡아주는 맛😋 청양고추🌶추가해서 먹으니까 더 좋더라구요 💛🤍

3️⃣새우카츠동
새우러버는 새우를 포기할 수 없었구요💖 심지어 식사에 밥이 필수다보니 이거 선택 너무 잘했더라구요 왜!냐!면! 계란🥚🍳도 가득 들어있어서 소스와 계란 밥의 조화가 완벽했고 심지어 파삭하면서 꽉 차있는 새우🍤🍤

🌟꼭 3가지 다 풀세트로..부탁드려요🌟

샐러드소스와 돈까스 소스는 테이블마다 비치되어있고, 참깨는 자동으로 갈려서 원할때마다 리필해서 편하게 먹을수 있었답니다.😜😜 양배추 샐러드에 참깨소스 쏴악~원하는 만큼 넣어 드셔주세용😚

🥄카츠8 용산아이파크몰점🥄
🥄서울 용산구 한강대로23길 55 용산역 아이파크몰 4층
🥄02-2012-0488
🥄매일 10:30 - 22:00 ( L.O 21:00 )
🥄카츠8모둠 18. / 등심카츠 14. / 카츠8 후토마끼 28. / 카츠동 13. / 차돌우동 13.

🍽 주차장⭕(무료주차2시간), 포장⭕, 예약⭕

#카츠8 #아이파크몰맛집 #용산역데이트 #용산cgv아이파크몰 #숙대맛집추천 #래미안용산맛집
#용산데이트하기좋은곳 #용산점심메뉴 #이촌동맛집추천 #효창공원맛집추천 #후암동맛집추천
#점심맛집추천 #용산맛집카츠8","['AD', '카츠8', '아이파크몰맛집', '용산역데이트', '용산cgv아이파크몰', '숙대맛집추천', '래미안용산맛집', '용산데이트하기좋은곳', '용산점심메뉴', '이촌동맛집추천', '효창공원맛집추천', '후암동맛집추천', '점심맛집추천', '용산맛집카츠8', '용산맛집', '후암동맛집', '신용산맛집', '돈까스맛집', '용산밥집', '돈까스추천', '돈까스', '일상', '맛집추천', '맛집', '맛스타그램', '먹스타그램', '좋아요', '선팔', '맞팔', '소통']"
https://www.instagram.com/p/CbD-11shtN3/,mukchu_,"🌯 #카츠8
⠀
강남역 삼성전자 지하 식당가에 위치한 카츠8 😉 넓고 깔끔한 공간이라 점심을 즐기는 분들도 많았다
⠀
#모둠카츠 는 치즈가스,돈가스,새우가스로 구성되어 카츠8의 모든가스류를 한번에 즐길 수 있다 💕 조각 크기가 엄청 큰데다 양도 많아서 둘이 먹어도 충분할 것 같은 느낌 ! 특히 블랙타이거새우튀김이 어마무시하게 커서 비주얼도 맛도 압도적,, ෆ
⠀
한 입에 넣기 힘들 정도로 아낌없이 재료가 들어간 #후토마키 는 마요네즈+와사비를 곁들여서 함께 먹어주면 재료들과 소스의 궁합이 잘어울린다 🎶 시소맛이 조금 많이 나는 편이라 호불호가 갈릴 순 있을 것 같지만 개인적으론 좋았다
⠀
가격이 살짝 부담되긴 하지만 양도 많고 깔끔한 매장이라 좋았던 카츠8 👌🏻
⠀
• 모둠카츠 18,000원
• 후토마키 28,000원
⠀","['카츠8', '모둠카츠', '후토마키', '먹스타그램', '맛스타그램', '먹스타', '맛스타', 'foodie', 'food', '맛집', '맛집추천', '소통', '오늘뭐먹지', '맛집탐방', '꿀조합', '존맛', '맛있다', 'foodstagram', 'instafood', '맛집투어', 'ootd', '존맛탱', '데이트코스', '핫플레이스', '강남맛집', '강남역', '일식']"
https://www.instagram.com/p/CbC-uG1hKeT/,yolo_myong_ee,"#또먹고싶다 🦐🍤🍋🍲🍻
#블랙타이거새우카츠 #실물깡패 #모짜렐라치즈카츠
#얼큰명란우동 #완전내입맛 #생맥주 #졸귀 #치얼스","['또먹고싶다', '블랙타이거새우카츠', '실물깡패', '모짜렐라치즈카츠', '얼큰명란우동', '완전내입맛', '생맥주', '졸귀', '치얼스', '코엑스맛집', '파르나스몰맛집', '맛스타그램', '먹스타그램', '먹방', '카츠8', '돈가스', '맛집', '일식', '먹팔', '선팔하면맞팔', 'selfie', 'japanesefood', 'katsu', 'cutlet', 'yummy', 'beer', 'cheers', 'instafood', 'instagood', 'instagram']"
https://www.instagram.com/p/CbC9DIWrIKj/,foodie_arch,"#카츠8강남점

✔️ 카츠8모둠 18.0
✔️ 통생선카츠 20.0
✔️ 스프라이트 2.0

삼성전자 서초사옥 지하에 위치한 카츠8
건물 분위기랑 가게 내부 인테리어는 진짜 고급지고 예뻤지만
맛과 서비스는 그냥 그랬다,,
특히 통생선카츠는 튀김옷이 다 벗겨져서 생선따로 튀김따로 집어먹어야해서 이게 뭐지...했음ㅠㅠ
분위기는 정말 최고인데 아쉽다..!
음식에 좀 더 신경쓰시면 더더 손님이 많아지지않을까싶다🥺

#카츠8 #맛집 #맞팔 #일상 #먹스타그램 #맛스타그램 #먹팔","['카츠8강남점', '카츠8', '맛집', '맞팔', '일상', '먹스타그램', '맛스타그램', '먹팔']"
https://www.instagram.com/p/CbC15NkFOlc/,mukmuk._.7,"📌 강남 명품 돈카츠집, #카츠8#체험단

🖤카츠8모둠 18,000원
🖤차돌냉소바 15,000원

카츠8 가게에 들어가니 홀도 정말 넓고 고급스럽고 엄청 깔끔한 이미지였어요!
자리를 잡고 메뉴를 고르는데 먹고싶은 메뉴가 많아 한참을 고민해서 여러 가지를 맛볼 수 있는 카츠8모둠과 차돌냉소바를 시켰네요🤭

치즈랑 등심, 안심, 새우카츠까지 한꺼번에 맛볼 수 있어서 모둠을 시켰는데 사진에서도 바삭함이 보이지 않냐며...
진짜 부드럽고, 쫄깃하고, 고소하고 바삭하고, 두툼하고 진짜..다했다 다했어..

생 라임이 나오는데 돈까스에 뿌려먹으니까 더 맛있었고 타르타르 소스도 진짜 맛있음...몇번이나 젓가락으로 찍어 먹었는지..🤭🤭

차돌냉소바는 돈까스의 느끼함을 싹 잡아줬답니다. 차돌냉소바랑 돈까스랑 정말 환상의 궁합이었어요.. 🖤

진짜 친구랑 먹으면서 계속 너무 맛있다고ㅠㅠㅠㅠㅋㅋㅋㅋㅋ진짜 맛있게 먹어서 자꾸 맛있다는 말만 쓰고 있네요!

후토마끼랑 김치나베도 너무 맛있다고 추천받아서 먹고 싶었는데 2명이 가서 많은 메뉴를 시키지 못한게 아쉽지만 다음에 다시 방문하면 꼭 먹어볼 예정..🥲

음식도 맛있었는데 또 너무 좋았던건 강남역 8번출구 내부에 있어서 좋았고, 진짜 주차할 곳이 없으면 맛집이어도 밥먹으러 잘 안가는 편인데 평일, 주말 다 주차도 가능하다고 해서 차끌고 가서 편하게 먹고 왔어요!

5시 이전에는 2시간, 5시 이후는 3시간 주차 무료라고 하니까 참고하시면 좋을거 같네요!

재방문 의사 300프로! 강남 찐맛집 카츠8..사랑해여..☺✨

.
.
.
#돈까스맛집#강남점심#카츠맛집#신논현밥집#논현맛집추천#강남데이트맛집#강남식당#강남역돈까스#강남역일식집#강남역맛집존맛#후토마끼맛집#강남일식당#강남역맛집카츠8#먹스타그램#먹스타#먹부림#일상#오늘뭐먹지#맛집스타그램#먹팔하면맞팔#먹팔#맞팔#먹팔해요#먹팔맞팔#맞팔선팔환영#칼맞팔#팔로우환영#팔로우반사","['카츠8', '체험단', '돈까스맛집', '강남점심', '카츠맛집', '신논현밥집', '논현맛집추천', '강남데이트맛집', '강남식당', '강남역돈까스', '강남역일식집', '강남역맛집존맛', '후토마끼맛집', '강남일식당', '강남역맛집카츠8', '먹스타그램', '먹스타', '먹부림', '일상', '오늘뭐먹지', '맛집스타그램', '먹팔하면맞팔', '먹팔', '맞팔', '먹팔해요', '먹팔맞팔', '맞팔선팔환영', '칼맞팔', '팔로우환영', '팔로우반사']"
https://www.instagram.com/p/CbCmqq0pIrq/,kingkong_meal,".
.
.
_안심까스
_연어아보카도덮밥
_아이스크림
#첫끼
_오트밀
_홍두께살
_파김치
_명태회무침
#두끼","['첫끼', '두끼']"
https://www.instagram.com/p/Ca8_SnVPaHS/,izotasty,"🍣카츠8 파르나스몰점
[연어참치카이센동(단새우추가), 카츠반상]

▫️Point
• 간단하고 깔끔한 일식집
• 통로에 있어 살짝 어수선하지만 내부 인테리어는 예쁨
• 보기보다 푸짐한 양
• 하나하나 신선한 재료들
• 치즈가득 들은 카츠
• 맛있음! 무난무난
• 맛🤍🤍🤍🤍
• 분위기🖤🖤🖤🖤

#이조테이스티
#이조테이스티🍣
#이조테이스티별여덟개","['이조테이스티', '이조테이스티', '이조테이스티별여덟개', '코엑스맛집', '카이센동', '일식맛집', '코엑스', '파르나스몰', '삼성역맛집', '먹스타그램']"
https://www.instagram.com/p/Ca6bGY6BtzW/,drunken_lily_,".
#용산아이파크몰맛집 #카츠8용산","['용산아이파크몰맛집', '카츠8용산']"
https://www.instagram.com/p/Ca6QEJBFsk9/,food.bump,"📍카츠8 강남점
✔️영업시간 : 매일 11:00-22:00
Break 15:00-17:00
🟡🟡🟡🟡⚪️
#강남맛집 #돈까스 #치즈돈까스

삼성전자 서초사옥 지하에 위치해있어서 매우 깔끔하다! “정갈하다”라는 말이 어울린다고나 할까

카츠8모둠이 18,000으로 좀 가격있어보이지만 양도 많고 맛있다🤤 후토마끼나 카이센동은 다른 맛집이 많으니 패스하고 튀김류랑 우동, 나베는 추천이요~~ 근데 웨이팅이 좀 있음🥲","['강남맛집', '돈까스', '치즈돈까스']"
https://www.instagram.com/p/Ca40GlDlFfO/,yammyamm_y,"돈카츠 맛집 삼성역 [카츠8]후기

강남, 용산아이파크몰에 이은 삼성역 5번출구
파르나스몰 점에 오픈한 카츠8 3호점을 방문했어요:)

회사가 많은 삼성역이라 점심시간에 직장인들이 참 많았어요

저녁에도 별마당, 의류매장 등이 많아서 구경도 하구,
여유롭게 먹을 수 있어서 참 좋을거 같아요☺️

주차의 경우, 파르나스몰 주차장을 검색해서 이용할 수 있어요

주차료는 5만원 이상 1시간 무료 /
10만원 이상 2시간 무료 / 15만원 이상 3시간 무료라고 해요:)

메뉴판을 보면 참 다양한 메뉴와
딱 보기에도 귀티가 흐르는 명품돈카츠들이 많았어요

내부도 참 깨끗하고 고급스러운 분위기였어요
음식점이 아니라면 포토존이 될만큼 세련됐어요

칸막이가 개별적으로 설치되어 있어, 요즘 시국에 좋았습니다!

카츠8모둠, 참치 연어 아보카도 보울, 얼큰명란우동
이렇게 시켜서 먹었어요

이 외에도 너무 다양한 메뉴가 많아 고르기 힘들었어요🥲

👉🏻 카츠8모둠 18.0
치즈, 등심, 안심카츠가 다 들어간 모둠카츠 구성이 좋았어요

고깃결과 쭉 늘어나는 치즈👍🏻

두툼한 고기와 바삭한 튀김이 함께 씹히는 맛👍🏻

👉🏻 얼큰명란우동 14.0
정말 얼큰해서 밥까지 넣어서 먹을 정도였어요,,
면발도 탱탱하구 돈카츠와 잘 어울리는 조합!

👉🏻 참연아 보울 19.0
보울은 생소했는데 진짜 예상보다 훨씬 맛있었어요!🤭

간이 된 짭짤한 밥과 싱싱한 연어, 참치, 아보카도가
어우러진 맛은 최고였습니다!!

카츠8 완전추천,,🙏🏻

#카츠8 #파르나스몰 #삼성중앙역맛집 #삼성역점심 #테헤란로맛집 #차병원맛집 #도심공항맛집 #삼성역일식당 #삼성역돈까스 #코엑스맛집투어 #삼성역데이트맛집 #삼성역점심맛집 #학여울맛집 #코엑스맛집카츠8","['카츠8', '파르나스몰', '삼성중앙역맛집', '삼성역점심', '테헤란로맛집', '차병원맛집', '도심공항맛집', '삼성역일식당', '삼성역돈까스', '코엑스맛집투어', '삼성역데이트맛집', '삼성역점심맛집', '학여울맛집', '코엑스맛집카츠8']"
https://www.instagram.com/p/Ca4GrgZFiIY/,foodie_8__8,"#강남 #카츠8 ⠀
⠀
법카찬스라고 비이싼 거 주문했다 ⠀
저번에 치즈카츠 먹어봤으니 이번엔 모둠으로 ｡^‿^｡ ⠀
⠀
▪️카츠8모둠 : 18,000원 ⠀
⠀
모둠으로 시키니 치즈카츠, 등심카츠, 특안심카츠, 새우카츠 ⠀
한 번에 나온다🥰⠀
양배추샐러드도 맛있고 고기 냄새도 나지 않아서 넘 마쉿⠀
라임을 안심카츠 쪽에 뿌려먹으면 느끼함도 잡고 풍미가 느껴진다
플레이팅까지 정갈하고 예뻐서 외식 기분 내기도 좋닿ㅎ̌̈❤️⠀
요즘 삶의 질 너무 떨어지는 기분인데 역시 난 먹는 걸로 ⠀
억지로라도 끌어올리는구나,,,  ˃̣̣̣̣̣̣︿˂̣̣̣̣̣̣ 
퇴사하더라도 카츠8 먹으러는 이 동네 올 듯 캬캬캬 ⠀","['강남', '카츠8', '강남역', '강남역맛집', '강남맛집', '카츠8강남', '카츠8강남역점', '돈카츠', '치즈카츠', '등심카츠', '안심카츠', '새우카츠', '돈까스', '치즈돈까스', '돈까스맛집', '돈카츠맛집', '먹스타그램', '맛스타그램', '먹팔', '일상']"
https://www.instagram.com/p/Ca4Ct0Pl3MH/,nyomm__y,"[강남역] 카츠8

일본식 카츠 맛집!!

🔸 카츠8모둠 18000
치즈.안심.등심.블랙타이거로 구성되어 있는데 치즈카츠에는 생 모짜렐라가 가득 들어있고, 등심과 안심카츠는 고기 냄새 없이 부드럽고 촉촉했어요. 새우도 역시 튼실하고 바삭촉촉 최고 👍🏼

🔸 통생선카츠 20000
메뉴 나오자마자 정말 비주얼에 깜짝 놀랬던 생선카츠.. 용 한마리 올려져있눈쥴.. 😂 진짜 리얼 “통” 생선카츠가 이런거다 싶어요 ㅎㅎ 역시 생선 비린내없이 바삭하고 촉촉하고 눈물나게 맛있더라구요ㅠㅠ

개인적으로 타르타르소스를 좋아하는 편이 아닌데 카츠8 타르타르 너무 맛있어요. 계란이 듬뿍 씹혀서 숟가락으로 퍼먹어도 전혀 느끼하지 않을맛!! 😋

강남 삼성사옥 지하에 위치해 도보로도 차로도 이용이 편해요. 가게 분위기가 깔끔하고 고급스러워서 데이트나 소개팅 장소로도 추천드려요. 강남에서 근무하시는 직장인분들 평일 점심.저녁 메뉴로도 최고! 완전 추천드립니다 👍🏼

#카츠8 #카츠8강남역점 #카츠8모둠 #통생선카츠 #카츠 #카츠맛집 #강남역맛집 #강남 #강남맛집 #강남역 #강남맛집추천 #돈까스 #돈까스맛집 #서울맛집 #서울맛집추천 #돈까스그램 #생선카츠 #생선까스 #등심카츠 #안심카츠 #새우카츠 #맛집 #맛집추천 #맛집스타그램 #먹스타그램","['카츠8', '카츠8강남역점', '카츠8모둠', '통생선카츠', '카츠', '카츠맛집', '강남역맛집', '강남', '강남맛집', '강남역', '강남맛집추천', '돈까스', '돈까스맛집', '서울맛집', '서울맛집추천', '돈까스그램', '생선카츠', '생선까스', '등심카츠', '안심카츠', '새우카츠', '맛집', '맛집추천', '맛집스타그램', '먹스타그램']"
https://www.instagram.com/p/CazatBlvVPd/,running___kim,"#런닝일기 #220307

모닝런.
아침에 일어나 날씨를 보고 -5도라 나갈까 고민했지만,
오늘이 한동안 뛸 날씨 중에 가장 추울거라고 생각하니,
쿨하게 나갈 수 있었다. 기특한 내 녀석.

김치카츠나베.
칼퇴와 함께 골프를 가려 했으나,
동기들과 간단히 저녁을 먹다보니 대화꽃이 피어버렸네.
골프는 내일로 자체연기.
도대체 언제 배우냐...

#모닝런
#런한영향력
#달리는직장인
#운동하는남자
#김치카츠나베
#카츠8","['런닝일기', '220307', '모닝런', '런한영향력', '달리는직장인', '운동하는남자', '김치카츠나베', '카츠8']"
https://www.instagram.com/p/CawwP0djf1v/,jmtgrammy,#돈카츠맛집 #카츠8 #맛스타그램 #먹팔,"['돈카츠맛집', '카츠8', '맛스타그램', '먹팔']"
https://www.instagram.com/p/Cawb8-GlAhC/,eating_jaejun,"🍤🍤
#카츠8 #협찬

스윙스도 먹고 만족할만한 돈카츠?!

🤑 메뉴
카츠8모둠 18000
연어 카이센동 20000

저희는 돈카츠를 먹으러 카츠8에 갔답니당 😊
강남역에서 도보 5분정도에 위치해 있답니다!! 👍
회사 근처라서 점심시간에는 많은 분들이 오실것 같아서 저녁시간으로 갔답니당 😉
카츠8모둠으로 시켰어요 😋
제일 먼저 눈에 들어오는게 블랙타이거새우카츠였어요 🍤🍤
안심,등심,치즈카츠도 있었답니당 👍
카츠들은 비주얼처럼 맛도 완전 좋았답니당 ♥️
저희는 개인적으로 블랙타이거카츠새우가 완전 맛있었답니다 😋😋
그 다음으론 연어카이센동!! 🍣
연어가 크고 두툼하게 있어서 식감이 아주 좋았어요 ♥️
연어도 맛이 완전 고급져서 놀랐어요 !!
카이센동 먹는 방법도 친절하게 종이로 알려주셔서 더 먹기 편했답니당 🙃
17시 이전 방문시 2시간 무료, 17시 이후 방문시 3시간 무료여서 평일과 주말 모두 무료주차 가능합니다!!!

📍위치 : 서울 서초구 서초대로74길 11 삼성전자 서초사옥 B1 카츠8","['카츠8', '협찬', '좋아요테러', '좋반', '좋아요', '좋아요반사', '팔로우', '맞팔환영', '맞팔해요', '요리스타그램', '맛집스타그램', '맛스타그램', '맛있다그램', '먹스타그램', '맛있어', '먹방', '취향저격', '냠냠', 'instafood', 'foodstagram', 'food', '맛있다', '술스타그램', '오늘뭐먹지', '야식', '꿀맛', '존맛', '존맛탱', '푸드스타그램', '맛집그램']"
https://www.instagram.com/p/CauYalPF9OQ/,eat._.lover,"#카츠8 #잇러버_협찬
-
분위기 최고인 카츠8,, 생각보다 혼밥 하러도 많이 오고 직장인들도 많이 오구 데이트로도 많이 오는 이 곳..!!
저의 원픽은 #치즈카츠 💛 이고 치즈도 쭈우욱 늘어나고 치즈 풍미 장난아님요ㅠㅠㅠ 글구 튀김 바삭함도 장난 아님,,
#김치카츠나베 는 두툼한 카츠와 김치나베 궁물 장난 아님 ㅠㅠ 치즈카츠로 조금 느끼해진 속을 쏴악,, 내려주는 얼큰함.. 안에 두툼한 카츠도 왕맛,,
#연어아보카도볼 이것두 맛없없,, 솔직히 연어랑 아보카도 조합은 말이 필요 없쥬,,, ㅠㅠ 아보카도 숙성도 너무 잘되고 연어도 생글탱글..❤️‍🔥
무엇보다 강남역에서 밖으로 나가지 않고 내부에 있어서 좋았어유..!! 직장인들도 많이 오는 이 곳!! 가게 내부 , 친절도, 맛 다 완~벽~😚💛
무엇보다 치즈카츠랑 김츠카츠나베!!! 완전 강추 따봉 드립니다,,
-
✔️ 가격 : 치즈카츠(13.0) 김치카츠나베(13.0) 연어아보카도볼(18.0)
-
#잇러버_서울","['카츠8', '잇러버', '치즈카츠', '김치카츠나베', '연어아보카도볼', '잇러버', '먹스타그램', '먹스타맞팔', '먹스타소통', '좋아요', '좋아요반사', '좋아요테러']"
https://www.instagram.com/p/CarVdqUlw4b/,louisforain,계속먹는중,[]
https://www.instagram.com/p/Caq_4zvJDg6/,joeun_she,"2인분 입니다만.
#용산아이파크몰 #카츠8#깨갈이까지맘에들일임_??#내사랑쑥이❤️❤️","['용산아이파크몰', '카츠8', '깨갈이까지맘에들일임', '내사랑쑥이']"
https://www.instagram.com/p/CaoDv6EvEic/,catcrazyren,"#삼성 #코엑스맛집 #카츠8
#얼큰우동 #카이센동
가격에 비해서 맛은 쏘쏘
새우젓이 들어있어서 배탈났었나봐 ㅜㅜ
#갑각류알러지","['삼성', '코엑스맛집', '카츠8', '얼큰우동', '카이센동', '갑각류알러지']"
https://www.instagram.com/p/Calz52KP2Sn/,foreverhot_sulley,"#카츠8 모듬까스 ￦18000

깨를 기계로 갈아먹느나 곳

라임인지 청귤인지 암튼 해동된거 큰 반톰준다
눅눅해질까 쪼매만 뿌리고 나머지는 워터에 ㅋㅋㅋ

맛 갠춘한데 박수는 아님

#돈까스 #새우까스 #치즈돈까스","['카츠8', '돈까스', '새우까스', '치즈돈까스']"
https://www.instagram.com/p/CajUPxeBlO-/,crosspro57,"튀김솜씨가 훌륭한
강남역 삼성타운에 위치한 카츠8.
.
큼지막한 통생선가츠가 비쥬얼도 좋고 맛도 좋다.
직접 만드는 타르타르소스에 라임을 약간 곁들이면 생선가츠랑 궁합이 굿굿.
.
8분을 튀긴다는 안심카츠도 바삭한 튀김 맛이 훌륭하다.
.
애피로 쉐어하려고 후토마끼를 주문했는데 맛은 소소.
하프만 주문할 수 있으면 좋겠는데 홀사이즈는 둘이 쉐어하기 넘 많다..
.
여기선 맛난 튀김류만 멋는 걸로.. :)
.
삼성빌딩에 있어 주차도 편하고, 강남역쪽에서 맛난 카츠가 땡길 때 방문하기 매우 좋은 곳.
.
.
.
.
.
.
.
.
.
.
.
.
.
.
.
.
.
#돈까스 #돈가스 #카츠 #안심카츠 #생선카츠
.
.
.
.
.
.
.
.
.
.
.
.
.
.
.
.
.
.
.
.
.
.
.
.
.
.
#생선까스 #생선가스 #생선까스맛집
#카츠8 #돈까스맛집 #카츠맛집 #돈가스맛집 #강남역돈까스 #삼성타운맛집 #강남역맛집 #강남역맛집_jh #카츠_jh #돈가스_jh","['돈까스', '돈가스', '카츠', '안심카츠', '생선카츠', '생선까스', '생선가스', '생선까스맛집', '카츠8', '돈까스맛집', '카츠맛집', '돈가스맛집', '강남역돈까스', '삼성타운맛집', '강남역맛집', '강남역맛집', '카츠', '돈가스']"
